student_id,name,attendance,internal_marks,assignment_score,test_1,test_2,test_3,practical_marks,previous_sem_cgpa,hackathon_count,extracurricular_count
STU051,Fatima Desai,79,25,12,64,85,92,25,7.25,5,3
STU052,Myra Patel,94,14,5,80,33,40,45,7.43,3,1
STU053,Vihaan Mehta,89,20,11,88,71,73,49,9.46,2,3
STU054,Nikhil Gupta,95,10,6,74,58,38,49,9.81,0,0
STU055,Karan Reddy,66,29,9,60,46,90,46,6.01,1,3
STU056,Avni Mehta,88,15,8,50,69,43,43,5.62,2,4
STU057,Aadya Agarwal,90,16,7,61,43,68,46,8.2,0,4
STU058,Aarohi Verma,87,27,18,77,38,94,45,7.04,3,3
STU059,Reyansh Shah,88,30,19,49,85,52,48,7.85,5,2
STU060,Sanya Iyer,95,24,18,64,71,61,27,6.76,3,1
STU061,Prisha Chauhan,89,20,5,93,71,53,40,6.45,2,2
STU062,Om Desai,82,27,5,96,54,40,32,8.74,3,4
STU063,Prisha Kumar,95,30,20,87,32,41,34,6.5,5,1
STU064,Rahul Bhat,88,25,16,84,100,72,36,8.66,2,2
STU065,Nikhil Kumar,72,16,15,45,98,53,31,6.47,3,2
STU066,Myra Pillai,98,29,14,42,54,67,32,7.12,2,0
STU067,Manya Iyer,73,18,6,36,100,67,47,9.75,5,3
STU068,Reyansh Sharma,83,25,20,86,73,53,26,6.64,3,0
STU069,Zainab Gupta,90,25,7,36,49,49,50,8.03,2,0
STU070,Karan Malhotra,100,23,12,96,78,87,39,6.84,4,3
STU071,Rahul Pillai,68,29,8,56,57,63,46,5.87,1,1
STU072,Neha Gupta,75,10,18,87,90,67,26,6.54,5,2
STU073,Avni Chauhan,69,17,13,55,84,44,42,6.51,1,2
STU074,Zainab Singh,69,11,10,69,66,86,28,7.61,2,3
STU075,Om Nair,99,25,19,40,35,85,48,6.95,2,0
STU076,Sai Kumar,66,18,6,52,90,96,45,7.49,2,1
STU077,Priya Shah,96,12,20,74,82,72,35,8.52,1,2
STU078,Tarun Kulkarni,96,19,17,100,34,88,27,6.92,2,0
STU079,Zara Agarwal,97,10,19,82,36,54,41,7.13,3,3
STU080,Prisha Verma,78,18,9,66,86,92,28,5.63,5,4
STU081,Fatima Kumar,75,19,5,100,82,41,32,9.97,0,3
STU082,Ayaan Joshi,74,25,14,95,64,83,40,9.91,1,3
STU083,Neha Singh,89,16,9,38,65,83,35,9.7,4,2
STU084,Zainab Sharma,83,19,20,49,87,98,40,7.05,4,4
STU085,Sanjay Chauhan,85,16,12,79,59,82,26,6.93,3,3
STU086,Sanjay Bhat,74,25,6,46,94,72,28,9.43,3,0
STU087,Khushi Chauhan,65,14,18,49,39,90,50,9.86,2,4
STU088,Avni Agarwal,70,20,17,70,92,99,26,8.28,1,2
STU089,Chetan Deshmukh,70,23,8,42,86,51,47,6.85,0,0
STU090,Rishi Verma,83,21,16,85,48,61,41,7.35,5,1
STU091,Shaurya Patel,70,29,17,60,93,48,32,7.58,2,3
STU092,Nikhil Bhat,65,24,14,99,50,39,39,9.75,4,2
STU093,Sneha Shah,81,24,14,55,79,91,28,6.57,4,2
STU094,Pooja Bose,83,10,17,65,31,36,44,8.85,2,1
STU095,Riya Jain,79,30,11,62,47,42,45,8.41,2,3
STU096,Aditya Pillai,88,14,7,67,71,83,30,6.4,4,2
STU097,Khushi Nair,82,15,13,91,67,73,50,6.02,0,1
STU098,Prisha Kumar,90,27,16,41,80,31,33,7.91,3,2
STU099,Aadya Deshmukh,81,28,17,77,43,59,40,5.61,4,2
STU100,Sanya Kumar,69,30,19,68,82,44,29,5.7,0,2
